<?xml version="1.0" encoding="UTF-8"?>
<project-private xmlns="http://www.netbeans.org/ns/project-private/1">
    <editor-bookmarks xmlns="http://www.netbeans.org/ns/editor-bookmarks/2" lastBookmarkId="0"/>
    <open-files xmlns="http://www.netbeans.org/ns/projectui-open-files/2">
        <group>
            <file>file:/C:/Users/1mk2m/Desktop/AISD/%20Cwiczenie1/src/cwiczenie1/HeapInterface.java</file>
            <file>file:/C:/Users/1mk2m/Desktop/AISD/%20Cwiczenie1/src/cwiczenie1/Cwiczenie1.java</file>
            <file>file:/C:/Users/1mk2m/Desktop/AISD/%20Cwiczenie1/src/cwiczenie1/Heap.java</file>
            <file>file:/C:/Users/1mk2m/Desktop/AISD/%20Cwiczenie1/src/cwiczenie1/ListSorter.java</file>
            <file>file:/C:/Users/1mk2m/Desktop/AISD/%20Cwiczenie1/src/cwiczenie1/ListSorterAlgorithm.java</file>
        </group>
    </open-files>
</project-private>
